Date,Open,High,Low,Close,Volume
7-Jun-16,27.07,28.07,26.94,27.90,26313
6-Jun-16,27.54,27.79,26.85,26.95,34671
3-Jun-16,27.12,27.81,26.75,27.60,38485
2-Jun-16,27.30,27.30,26.47,26.77,34222
1-Jun-16,27.05,27.68,26.77,27.37,26133
31-May-16,27.15,27.25,26.76,27.10,33739
27-May-16,27.00,27.14,26.86,27.14,12185
26-May-16,26.91,27.11,26.45,26.91,12537
25-May-16,27.54,27.87,26.69,26.91,25415
24-May-16,26.33,27.95,26.33,27.63,37566
23-May-16,26.13,26.64,25.71,26.33,37576
20-May-16,25.42,26.04,25.10,26.01,20745
19-May-16,24.78,25.47,24.78,25.23,49966
18-May-16,24.64,25.13,24.42,24.89,20598
17-May-16,25.39,25.51,24.46,24.59,20887
16-May-16,25.53,25.82,25.26,25.50,24329
13-May-16,25.55,25.85,25.17,25.56,14291
12-May-16,25.57,25.78,25.37,25.55,18781
11-May-16,25.86,25.90,25.33,25.36,14882
10-May-16,25.57,25.90,25.20,25.88,17039
9-May-16,24.54,25.70,24.50,25.45,45366
6-May-16,24.64,24.89,24.35,24.68,13849
5-May-16,25.20,25.35,24.39,24.60,43112
4-May-16,25.40,25.66,25.14,25.21,36752
3-May-16,24.80,25.95,24.35,25.52,92360
2-May-16,24.41,25.05,24.41,24.81,48147
29-Apr-16,24.66,24.91,24.22,24.40,32705
28-Apr-16,24.78,25.14,24.71,24.77,33433
27-Apr-16,25.04,25.19,24.68,24.75,11399
26-Apr-16,24.87,25.25,24.82,25.06,24869
25-Apr-16,24.11,24.77,24.11,24.73,24569
22-Apr-16,24.22,24.35,24.05,24.20,18566
21-Apr-16,25.36,25.46,24.01,24.28,51914
20-Apr-16,24.97,25.55,24.89,25.37,25303
19-Apr-16,25.15,25.26,24.73,25.01,15072
18-Apr-16,24.78,25.14,24.62,24.94,23129
15-Apr-16,23.92,25.07,23.87,24.74,54759
14-Apr-16,23.91,24.04,23.78,24.03,12009
13-Apr-16,23.87,24.15,23.56,23.91,27410
12-Apr-16,23.60,24.25,23.58,23.80,34296
11-Apr-16,24.00,24.05,23.51,23.58,41910
8-Apr-16,23.65,24.07,23.56,24.01,24170
7-Apr-16,24.12,24.25,23.50,23.55,19405
6-Apr-16,23.66,24.35,23.52,24.21,30833
5-Apr-16,23.64,23.86,23.51,23.71,30664
4-Apr-16,24.03,24.04,23.64,23.68,24522
1-Apr-16,24.10,24.19,23.81,23.87,22108
31-Mar-16,24.51,24.74,24.12,24.16,68359
30-Mar-16,24.39,24.54,24.24,24.40,45897
29-Mar-16,23.84,24.37,23.76,24.20,30072
28-Mar-16,23.82,24.09,23.66,23.97,35764
24-Mar-16,23.42,23.88,23.30,23.78,26412
23-Mar-16,24.00,24.00,23.52,23.54,21815
22-Mar-16,24.28,24.28,23.94,23.98,26976
21-Mar-16,24.40,24.53,24.07,24.30,22953
18-Mar-16,24.20,24.78,24.06,24.48,72219
17-Mar-16,24.25,24.25,23.99,24.04,33985
16-Mar-16,24.11,24.87,24.10,24.24,23289
15-Mar-16,24.32,24.40,24.10,24.24,29347
14-Mar-16,24.16,24.52,24.12,24.27,33962
11-Mar-16,24.44,24.45,24.25,24.41,29860
10-Mar-16,24.69,25.15,24.00,24.20,37032
9-Mar-16,24.52,24.94,24.52,24.68,27694
8-Mar-16,25.23,25.49,24.58,24.69,29137
7-Mar-16,24.80,25.28,24.50,25.13,67659
4-Mar-16,25.28,25.28,24.50,24.77,48675
3-Mar-16,25.23,27.40,24.58,24.88,96152
2-Mar-16,26.75,26.75,25.18,25.31,43030
1-Mar-16,26.84,26.84,26.16,26.41,28063
29-Feb-16,26.95,26.95,26.29,26.51,31082
26-Feb-16,26.19,26.60,25.72,26.44,24305
25-Feb-16,25.43,26.31,25.17,26.09,21849
24-Feb-16,24.46,25.15,24.31,25.06,57823
23-Feb-16,24.25,24.67,24.25,24.46,49357
22-Feb-16,24.99,25.40,24.38,24.51,87633
19-Feb-16,24.45,24.57,24.40,24.49,16513
18-Feb-16,24.77,24.77,24.34,24.45,39115
17-Feb-16,24.97,24.97,24.61,24.66,26582
16-Feb-16,24.75,25.07,24.65,24.85,69695
12-Feb-16,24.52,24.86,24.27,24.62,31229
11-Feb-16,24.19,24.47,24.14,24.29,11900
10-Feb-16,25.38,25.58,24.45,24.54,19278
9-Feb-16,24.59,25.30,24.55,25.08,21259
8-Feb-16,24.36,24.95,24.30,24.77,10855
5-Feb-16,24.50,25.08,24.46,24.50,21509
4-Feb-16,25.14,25.47,24.55,24.55,10181
3-Feb-16,25.41,25.41,24.76,25.19,12146
2-Feb-16,25.76,25.76,24.76,25.26,14435
1-Feb-16,26.48,26.48,25.77,25.84,30419
29-Jan-16,24.72,26.36,24.71,26.26,42222
28-Jan-16,24.71,25.18,24.30,24.42,12932
27-Jan-16,25.65,25.65,24.30,24.39,26572
26-Jan-16,24.80,25.80,24.71,25.73,30964
25-Jan-16,25.26,25.74,24.75,24.76,26151
22-Jan-16,24.03,25.38,24.03,25.33,28267
21-Jan-16,23.43,23.75,23.43,23.62,25545
20-Jan-16,23.30,23.98,23.29,23.43,52245
19-Jan-16,24.10,24.10,23.31,23.95,29314
15-Jan-16,24.33,24.70,23.36,24.00,20996
14-Jan-16,24.98,25.09,24.15,24.89,18839
13-Jan-16,25.20,25.23,24.65,24.95,42961
12-Jan-16,24.92,24.98,24.72,24.95,34147
11-Jan-16,24.85,25.06,24.71,24.95,18787
8-Jan-16,25.25,26.30,24.92,24.93,29510
7-Jan-16,25.51,26.33,24.67,25.01,29358
6-Jan-16,25.34,26.11,25.33,25.88,29714
5-Jan-16,25.25,25.71,25.14,25.56,37950
4-Jan-16,26.00,26.35,25.30,25.39,40464
31-Dec-15,26.50,26.94,26.20,26.35,28733
30-Dec-15,26.81,26.94,26.02,26.54,27809
29-Dec-15,26.61,26.88,26.24,26.78,13447
28-Dec-15,27.06,27.11,26.44,26.68,14215
24-Dec-15,27.40,27.44,26.81,27.00,13465
23-Dec-15,26.64,27.50,26.59,27.45,14226
22-Dec-15,26.37,26.48,26.21,26.42,15192
21-Dec-15,25.93,26.38,25.92,26.27,18187
18-Dec-15,25.40,26.51,25.40,25.76,63813
17-Dec-15,25.90,26.05,25.47,25.55,18527
16-Dec-15,25.50,26.00,25.09,25.88,17888
15-Dec-15,25.35,25.62,25.13,25.37,28894
14-Dec-15,25.41,25.74,25.21,25.29,31388
11-Dec-15,25.05,25.48,25.03,25.34,36386
10-Dec-15,25.59,25.74,25.20,25.45,22556
9-Dec-15,25.55,25.70,25.06,25.42,39391
8-Dec-15,25.37,25.68,25.05,25.50,29880
7-Dec-15,25.43,25.70,25.26,25.47,27762
4-Dec-15,25.75,25.85,25.35,25.54,25425
3-Dec-15,25.25,26.30,25.25,25.64,28759
2-Dec-15,25.93,26.07,25.31,25.61,28831
1-Dec-15,25.93,26.13,25.73,25.80,14908
30-Nov-15,26.42,26.55,25.79,25.90,45951
27-Nov-15,26.05,26.64,25.93,26.42,11862
25-Nov-15,25.60,26.15,25.60,25.99,15196
24-Nov-15,26.43,26.60,25.56,25.77,20476
23-Nov-15,25.63,26.47,25.53,26.44,26840
20-Nov-15,25.87,25.98,25.53,25.72,22953
19-Nov-15,26.69,26.90,25.50,25.69,37548
18-Nov-15,26.33,26.73,25.76,26.61,21885
17-Nov-15,26.20,26.35,25.67,26.12,12368
16-Nov-15,26.36,26.39,25.80,26.17,22306
13-Nov-15,25.28,26.50,25.28,26.27,34117
12-Nov-15,25.42,25.49,25.30,25.40,17585
11-Nov-15,25.75,25.84,25.25,25.48,15349
10-Nov-15,26.18,26.19,25.65,25.86,18418
9-Nov-15,26.57,26.91,25.75,25.91,21081
6-Nov-15,25.62,26.59,25.62,26.59,16657
5-Nov-15,25.50,25.72,25.25,25.66,17876
4-Nov-15,25.44,26.79,25.14,25.50,29766
3-Nov-15,26.37,26.53,25.31,25.51,22945
2-Nov-15,25.22,26.25,24.91,26.22,19565
30-Oct-15,25.29,25.29,24.79,25.06,17738
29-Oct-15,25.76,25.95,24.96,25.16,19401
28-Oct-15,24.55,26.00,24.45,25.80,42898
27-Oct-15,24.52,24.52,24.25,24.45,16692
26-Oct-15,24.43,24.63,24.25,24.51,21940
23-Oct-15,25.28,25.41,24.12,24.37,29761
22-Oct-15,24.45,25.35,24.30,25.02,25054
21-Oct-15,24.15,24.64,23.90,24.10,30824
20-Oct-15,24.19,24.33,23.67,24.16,31283
19-Oct-15,24.21,25.13,24.00,24.08,44215
16-Oct-15,24.40,24.40,23.92,24.17,20727
15-Oct-15,24.13,24.32,24.00,24.29,17000
14-Oct-15,24.31,24.43,23.90,23.91,20244
13-Oct-15,25.44,25.44,24.28,24.28,30764
12-Oct-15,25.51,25.63,25.22,25.53,35956
9-Oct-15,26.10,26.36,25.29,25.29,25985
8-Oct-15,24.20,26.24,24.20,25.97,35456
7-Oct-15,25.32,26.34,24.15,24.45,25471
6-Oct-15,25.50,25.51,25.25,25.39,12306
5-Oct-15,24.80,25.51,24.80,25.50,42930
2-Oct-15,24.11,24.57,24.00,24.57,14156
1-Oct-15,23.82,24.53,23.81,24.15,28453
30-Sep-15,24.85,24.85,23.56,23.61,36956
29-Sep-15,24.67,25.13,24.40,24.46,10653
28-Sep-15,24.98,25.36,24.73,24.79,26893
25-Sep-15,25.24,25.57,24.90,24.99,34071
24-Sep-15,24.76,25.17,24.64,25.05,22717
23-Sep-15,25.20,25.20,24.51,24.86,31218
22-Sep-15,25.30,25.39,25.01,25.02,25279
21-Sep-15,26.54,26.54,25.28,25.51,31236
18-Sep-15,27.36,27.36,26.00,26.15,60207
17-Sep-15,27.12,28.11,26.76,27.87,25161
16-Sep-15,26.33,27.38,25.86,27.18,31165
15-Sep-15,26.01,26.50,25.81,26.22,35115
14-Sep-15,26.68,27.18,26.08,26.22,16147
11-Sep-15,26.80,26.88,26.52,26.74,21089
10-Sep-15,26.50,26.93,26.37,26.82,24490
9-Sep-15,27.65,27.65,26.34,26.50,28158
8-Sep-15,26.99,27.64,26.70,27.48,19642
4-Sep-15,27.05,27.62,26.48,26.65,15892
3-Sep-15,27.87,27.93,27.30,27.44,18538
2-Sep-15,27.28,27.84,27.00,27.79,17290
1-Sep-15,27.28,27.90,26.57,26.85,29173
31-Aug-15,27.30,27.93,27.10,27.79,22184
28-Aug-15,26.63,27.69,26.62,27.33,33787
27-Aug-15,27.75,27.75,26.69,26.81,24857
26-Aug-15,27.55,27.82,27.25,27.71,18905
25-Aug-15,28.05,28.05,27.16,27.30,29715
24-Aug-15,28.15,28.15,27.57,27.57,21211
21-Aug-15,28.14,29.98,28.14,29.36,28665
20-Aug-15,28.95,29.32,28.54,28.65,19990
19-Aug-15,29.11,29.16,28.75,29.00,9057
18-Aug-15,28.99,29.30,28.87,29.10,11751
17-Aug-15,28.37,29.01,28.37,29.01,27941
14-Aug-15,27.95,28.59,27.84,28.55,18689
13-Aug-15,28.21,28.49,27.67,27.73,16645
12-Aug-15,28.44,28.45,27.95,27.95,27121
11-Aug-15,28.26,28.75,28.26,28.49,12425
10-Aug-15,28.88,28.89,28.23,28.44,32748
7-Aug-15,28.52,28.80,28.41,28.60,22707
6-Aug-15,28.68,28.85,28.36,28.60,21516
5-Aug-15,28.67,29.10,28.28,28.69,14387
4-Aug-15,28.50,28.97,28.22,28.55,16791
3-Aug-15,28.78,28.94,28.31,28.47,23649
31-Jul-15,28.94,29.19,28.49,28.68,15949
30-Jul-15,28.24,29.08,28.24,28.74,20388
29-Jul-15,28.80,29.02,28.48,28.49,9906
28-Jul-15,27.99,28.62,27.34,28.58,20898
27-Jul-15,28.03,28.22,27.01,27.94,32021
24-Jul-15,29.48,29.98,28.09,28.31,22380
23-Jul-15,31.46,31.46,29.37,29.38,31857
22-Jul-15,31.17,31.43,31.00,31.32,14977
21-Jul-15,31.08,31.34,30.91,31.05,35405
20-Jul-15,31.27,31.27,30.70,31.24,30341
17-Jul-15,31.70,31.72,30.89,31.21,14388
16-Jul-15,31.23,32.00,30.00,31.58,21214
15-Jul-15,31.97,31.97,31.09,31.20,21096
14-Jul-15,31.87,32.17,31.73,31.73,27160
13-Jul-15,31.83,32.46,31.79,32.07,41825
10-Jul-15,32.33,32.48,31.50,31.91,26477
9-Jul-15,32.46,32.50,32.00,32.01,26972
8-Jul-15,31.51,32.11,31.37,32.07,39494
7-Jul-15,31.18,31.96,30.68,31.81,32150
6-Jul-15,31.45,31.65,30.90,31.20,29818
2-Jul-15,31.85,31.95,31.59,31.73,22446
1-Jul-15,31.92,31.95,31.40,31.89,20920
30-Jun-15,32.00,32.13,31.45,31.69,27385
29-Jun-15,32.95,32.95,31.70,32.17,28593
26-Jun-15,32.61,32.96,31.85,32.65,41670
25-Jun-15,31.69,32.53,31.58,32.44,15550
24-Jun-15,32.00,32.01,31.38,31.53,18518
23-Jun-15,31.77,32.93,31.56,31.81,35261
22-Jun-15,31.46,32.09,31.06,31.95,26740
19-Jun-15,31.05,31.64,30.42,31.33,66432
18-Jun-15,30.78,31.25,30.78,30.91,26555
17-Jun-15,30.71,31.17,30.56,30.59,22715
16-Jun-15,30.40,31.08,30.06,30.75,28501
15-Jun-15,30.31,31.02,29.83,30.40,44371
12-Jun-15,29.93,30.81,29.90,30.34,51586
11-Jun-15,29.51,30.36,29.51,30.25,41461
10-Jun-15,29.98,30.48,29.60,29.68,40556
9-Jun-15,29.23,30.25,29.23,29.83,64297
8-Jun-15,30.93,30.93,29.31,29.38,38318
5-Jun-15,31.81,31.89,30.82,31.10,37098
4-Jun-15,32.70,32.70,31.44,31.69,32457
3-Jun-15,32.30,33.04,32.01,32.76,44543
2-Jun-15,32.30,32.45,32.03,32.29,15949
1-Jun-15,32.25,32.39,32.01,32.30,22710
29-May-15,32.79,33.11,31.95,32.02,27043
28-May-15,32.52,33.05,32.32,32.95,14402
27-May-15,31.77,32.46,31.77,32.45,20988
26-May-15,32.20,32.20,31.45,31.85,24403
22-May-15,32.44,32.69,31.93,32.02,17483
21-May-15,33.21,33.49,32.54,32.55,22613
20-May-15,32.85,33.16,32.56,33.12,12884
19-May-15,32.67,32.85,32.44,32.64,14982
18-May-15,32.67,32.80,32.35,32.70,15921
15-May-15,32.39,32.80,32.31,32.73,25803
14-May-15,32.05,32.74,32.05,32.36,15589
13-May-15,32.02,32.54,32.00,32.04,12528
12-May-15,32.35,32.40,31.82,32.02,40433
11-May-15,32.45,33.46,32.36,32.73,24347
8-May-15,33.03,33.03,32.32,32.54,14491
7-May-15,32.50,33.06,32.25,32.83,38943
6-May-15,32.40,32.89,32.10,32.38,18102
5-May-15,32.58,32.58,31.98,32.11,24075
4-May-15,32.42,32.81,32.10,32.59,32609
1-May-15,31.88,32.99,31.88,32.66,23559
30-Apr-15,33.35,33.35,31.40,31.93,31880
29-Apr-15,34.12,34.12,31.25,33.49,22383
28-Apr-15,32.99,34.00,32.82,33.98,40960
27-Apr-15,33.69,34.30,32.92,33.07,37193
24-Apr-15,33.22,33.99,32.99,33.45,30430
23-Apr-15,33.76,33.82,33.01,33.50,35867
22-Apr-15,33.73,33.95,33.23,33.55,27203
21-Apr-15,33.75,33.91,32.88,33.65,48636
20-Apr-15,33.10,34.05,32.57,33.57,42415
17-Apr-15,33.50,33.74,32.83,33.22,42314
16-Apr-15,33.71,33.96,33.13,33.72,32436
15-Apr-15,34.36,34.56,33.63,33.66,39970
14-Apr-15,33.35,34.58,33.02,34.35,56240
13-Apr-15,33.41,33.75,33.00,33.29,94063
10-Apr-15,33.02,33.75,32.98,33.28,82836
9-Apr-15,32.89,33.25,31.92,33.02,101878
8-Apr-15,32.10,32.88,32.10,32.71,65090
7-Apr-15,32.00,32.50,31.75,32.23,67007
6-Apr-15,31.75,32.00,31.26,31.99,60831
2-Apr-15,31.70,31.70,31.02,31.48,58363
1-Apr-15,31.50,31.70,31.08,31.44,55830
31-Mar-15,31.02,31.48,31.00,31.44,56561
30-Mar-15,31.50,31.72,31.00,31.33,61204
27-Mar-15,31.61,31.72,30.99,31.25,42703
26-Mar-15,31.24,31.70,30.98,31.50,20855
25-Mar-15,31.18,31.98,30.98,30.98,41575
24-Mar-15,30.14,31.35,30.14,31.20,26106
23-Mar-15,29.50,30.67,29.50,30.54,33724
20-Mar-15,29.70,29.75,29.34,29.49,40724
19-Mar-15,29.50,29.89,29.33,29.75,19582
18-Mar-15,30.25,30.25,29.56,29.83,17046
17-Mar-15,30.00,30.25,29.60,30.23,19000
16-Mar-15,30.25,30.25,29.64,29.97,15136
13-Mar-15,29.58,30.30,29.52,30.24,39377
12-Mar-15,29.13,29.77,29.10,29.51,29839
11-Mar-15,27.97,29.70,27.87,29.06,45989
10-Mar-15,28.20,28.50,27.87,28.05,15588
9-Mar-15,28.14,28.50,28.06,28.40,18629
6-Mar-15,28.03,28.35,27.58,27.89,18722
5-Mar-15,27.80,28.55,27.60,28.43,24881
4-Mar-15,28.02,28.20,27.65,27.67,13227
3-Mar-15,27.80,28.37,27.32,27.66,12181
2-Mar-15,27.12,28.07,27.12,27.97,13540
27-Feb-15,28.00,28.56,27.63,27.63,22435
26-Feb-15,28.05,28.55,27.85,28.14,12535
25-Feb-15,28.34,28.34,28.02,28.02,5371
24-Feb-15,27.55,28.35,27.53,28.05,4260
23-Feb-15,27.59,27.96,27.50,27.56,12986
20-Feb-15,28.58,28.58,27.56,27.57,14303
19-Feb-15,28.48,28.83,28.48,28.50,3390
18-Feb-15,28.07,28.63,27.82,28.52,8579
17-Feb-15,28.23,28.57,27.93,28.11,8334
13-Feb-15,28.24,28.38,27.84,28.17,10597
12-Feb-15,28.23,28.47,28.10,28.25,10637
11-Feb-15,28.48,28.54,28.13,28.13,12554
10-Feb-15,28.72,28.82,28.25,28.41,10064
9-Feb-15,29.17,29.17,28.58,28.65,6854
6-Feb-15,28.82,29.97,28.82,29.14,14257
5-Feb-15,28.68,28.95,28.62,28.74,9983
4-Feb-15,29.11,29.30,28.66,28.66,16361
3-Feb-15,28.42,29.50,28.42,29.29,27217
2-Feb-15,29.10,29.89,28.50,28.99,27358
30-Jan-15,28.75,29.50,28.51,28.97,35839
29-Jan-15,29.13,29.15,28.76,28.99,6900
28-Jan-15,29.89,29.89,28.70,28.96,20922
27-Jan-15,29.96,30.00,29.55,29.83,19917
26-Jan-15,29.22,30.00,28.64,29.95,19075
23-Jan-15,28.77,29.50,28.65,29.40,15426
22-Jan-15,28.23,28.84,27.70,28.74,16925
21-Jan-15,28.43,28.43,27.75,27.79,10477
20-Jan-15,28.97,28.97,27.80,28.23,19419
16-Jan-15,27.61,29.29,27.61,29.27,12968
15-Jan-15,27.70,27.76,27.07,27.76,14623
14-Jan-15,27.86,27.86,27.34,27.71,11257
13-Jan-15,27.28,27.98,26.60,27.88,15257
12-Jan-15,27.34,27.65,26.50,26.67,20019
9-Jan-15,27.53,27.69,26.86,27.18,19709
8-Jan-15,27.70,27.70,27.16,27.62,19550
7-Jan-15,27.73,27.73,26.96,27.63,13289
6-Jan-15,26.81,27.67,26.60,27.52,12619
5-Jan-15,26.60,27.43,26.60,26.83,12896
2-Jan-15,27.37,27.49,26.70,26.71,6623
31-Dec-14,26.44,27.37,26.44,27.37,11466
30-Dec-14,26.50,26.58,26.34,26.47,5112
29-Dec-14,26.89,27.00,26.50,26.50,17812
26-Dec-14,26.49,27.46,25.79,26.89,11573
24-Dec-14,25.84,26.45,25.84,26.25,4090
23-Dec-14,25.14,25.95,25.04,25.79,12697
22-Dec-14,25.00,25.39,25.00,25.07,9991
19-Dec-14,25.33,26.45,24.76,24.84,60223
18-Dec-14,25.51,26.30,24.47,25.44,18415
17-Dec-14,25.60,25.95,24.82,25.48,18160
16-Dec-14,24.60,26.41,24.60,25.29,16717
15-Dec-14,24.66,25.44,24.30,24.45,23948
12-Dec-14,24.86,25.16,24.37,24.51,11178
11-Dec-14,24.82,25.42,24.52,25.11,16199
10-Dec-14,25.66,25.74,24.50,24.88,17409
9-Dec-14,25.17,26.13,24.38,25.73,18270
8-Dec-14,24.30,25.65,24.25,25.16,18392
5-Dec-14,23.91,24.54,23.88,24.45,17290
4-Dec-14,24.41,24.66,23.76,23.90,15266
3-Dec-14,24.10,24.99,24.10,24.67,36338
2-Dec-14,24.13,24.49,23.47,24.04,12043
1-Dec-14,24.12,24.37,23.41,24.14,16674
28-Nov-14,24.56,25.17,23.61,24.01,17430
26-Nov-14,24.57,25.11,24.50,24.75,13145
25-Nov-14,25.16,25.56,24.25,24.83,44477
24-Nov-14,25.03,25.41,24.73,25.25,14199
21-Nov-14,25.57,25.75,24.85,25.05,10967
20-Nov-14,25.40,25.50,24.94,25.13,8966
19-Nov-14,26.21,26.21,25.25,25.36,10678
18-Nov-14,25.93,26.21,25.66,26.16,12520
17-Nov-14,25.84,26.21,25.14,25.87,14038
14-Nov-14,26.28,26.78,24.28,26.04,9452
13-Nov-14,26.93,27.39,26.19,26.35,18997
12-Nov-14,26.60,27.28,26.22,27.19,11404
11-Nov-14,26.79,27.03,26.01,26.74,19599
10-Nov-14,26.50,27.17,24.55,26.96,15483
7-Nov-14,27.36,27.57,26.98,27.07,7144
6-Nov-14,27.37,27.73,27.03,27.34,17452
5-Nov-14,25.94,27.68,25.94,27.46,16935
4-Nov-14,25.10,26.15,25.10,25.94,18457
3-Nov-14,27.59,27.59,25.09,25.53,14291
31-Oct-14,27.93,27.98,27.55,27.75,37696
30-Oct-14,25.98,27.68,23.84,27.49,15847
29-Oct-14,25.27,26.27,24.76,25.95,18627
28-Oct-14,24.34,24.98,23.99,24.88,26579
27-Oct-14,24.73,25.27,23.97,24.34,19772
24-Oct-14,24.54,24.95,24.21,24.72,13431
23-Oct-14,24.58,24.88,24.25,24.48,23567
22-Oct-14,24.09,24.39,24.00,24.19,13872
21-Oct-14,24.61,24.95,23.82,24.80,18949
20-Oct-14,24.95,25.44,24.35,24.55,32243
17-Oct-14,26.42,26.42,24.72,24.93,18867
16-Oct-14,25.92,26.53,25.54,26.01,19404
15-Oct-14,25.05,26.61,24.87,26.33,26523
14-Oct-14,24.93,25.92,24.30,25.44,50754
13-Oct-14,23.31,25.00,23.12,24.85,39199
10-Oct-14,23.04,23.58,22.70,23.18,10790
9-Oct-14,23.40,23.52,22.99,23.21,13849
8-Oct-14,23.40,23.65,22.58,23.40,43961
7-Oct-14,23.08,23.69,23.08,23.46,7395
6-Oct-14,22.60,23.63,22.51,23.17,22961
3-Oct-14,23.10,23.10,22.44,22.63,21185
2-Oct-14,22.39,23.14,22.20,22.96,11517
1-Oct-14,22.30,22.53,22.25,22.26,16473
30-Sep-14,22.69,23.37,22.67,22.78,64156
29-Sep-14,22.85,22.96,22.80,22.92,36942
26-Sep-14,22.99,23.07,22.64,23.03,10662
25-Sep-14,22.97,23.11,22.87,22.89,16301
24-Sep-14,22.86,23.11,22.86,23.09,9166
23-Sep-14,22.72,22.93,22.51,22.91,17025
22-Sep-14,23.17,23.17,22.85,23.02,15641
19-Sep-14,23.72,23.75,23.21,23.21,29660
18-Sep-14,23.72,23.72,23.50,23.67,11351
17-Sep-14,23.94,23.95,23.45,23.70,12962
16-Sep-14,23.79,23.99,23.70,23.82,13910
15-Sep-14,23.97,23.99,23.44,23.62,16085
12-Sep-14,23.82,23.91,23.48,23.77,12872
11-Sep-14,23.83,24.05,23.51,23.90,8694
10-Sep-14,23.67,24.09,23.63,23.84,9343
9-Sep-14,23.51,23.79,23.51,23.65,14774
8-Sep-14,23.44,23.86,23.44,23.70,15350
5-Sep-14,23.32,23.47,22.96,23.37,11428
4-Sep-14,23.44,23.70,22.74,23.45,21095
3-Sep-14,23.35,23.53,23.13,23.39,24159
2-Sep-14,23.03,23.27,22.70,23.20,18306
29-Aug-14,22.36,22.94,22.34,22.93,44772
28-Aug-14,22.60,22.92,22.35,22.36,20788
27-Aug-14,22.36,22.90,22.04,22.60,17228
26-Aug-14,22.00,22.50,21.96,22.42,25560
25-Aug-14,21.52,21.94,21.37,21.80,27411
22-Aug-14,21.50,21.59,21.25,21.33,16205
21-Aug-14,20.64,21.46,20.64,21.45,17874
20-Aug-14,20.55,20.70,20.50,20.64,8392
19-Aug-14,20.24,20.71,20.10,20.62,21821
18-Aug-14,19.53,20.43,19.50,20.29,26246
15-Aug-14,20.50,20.50,19.22,19.22,50522
14-Aug-14,20.95,21.24,19.79,20.24,23349
13-Aug-14,23.00,23.00,20.85,20.92,50653
12-Aug-14,23.48,23.54,22.89,23.00,14794
11-Aug-14,23.39,23.74,23.29,23.56,10137
8-Aug-14,23.37,23.39,23.01,23.17,9881
7-Aug-14,23.73,23.73,23.19,23.40,8140
6-Aug-14,23.58,23.89,23.53,23.60,8601
5-Aug-14,23.80,23.99,23.71,23.99,5610
4-Aug-14,23.85,24.23,23.64,23.92,10420
1-Aug-14,23.63,24.18,23.63,23.95,14967
31-Jul-14,23.86,23.97,23.52,23.52,15429
30-Jul-14,24.01,24.18,23.71,23.98,8307
29-Jul-14,24.06,24.07,23.77,23.80,12927
28-Jul-14,24.25,24.25,23.84,24.00,16906
25-Jul-14,23.42,24.03,23.34,23.82,22507
24-Jul-14,23.69,24.11,23.52,23.67,14715
23-Jul-14,23.62,23.93,23.42,23.63,12784
22-Jul-14,23.22,23.85,23.22,23.55,12735
21-Jul-14,23.52,23.76,22.99,23.15,10963
18-Jul-14,23.17,23.88,23.17,23.79,16365
17-Jul-14,23.74,23.99,23.25,23.25,11235
16-Jul-14,23.72,23.95,23.58,23.91,15764
15-Jul-14,23.72,23.93,23.40,23.54,10017
14-Jul-14,23.92,23.96,23.70,23.75,8410
11-Jul-14,23.50,23.83,23.50,23.72,7372
10-Jul-14,23.40,23.68,23.40,23.48,11310
9-Jul-14,23.51,23.91,23.51,23.68,8797
8-Jul-14,23.50,23.73,23.35,23.47,25417
7-Jul-14,23.91,24.09,23.52,23.63,10902
3-Jul-14,23.97,24.02,23.96,23.97,5236
2-Jul-14,23.86,24.25,23.77,23.77,11895
1-Jul-14,23.85,24.01,23.50,24.00,34308
30-Jun-14,23.82,23.98,23.51,23.63,23538
27-Jun-14,23.51,24.49,23.51,24.01,164998
26-Jun-14,23.47,23.87,23.41,23.70,9468
25-Jun-14,23.14,23.72,22.98,23.72,11708
24-Jun-14,23.83,23.95,23.21,23.21,16355
23-Jun-14,23.87,24.20,23.65,23.89,16151
20-Jun-14,23.22,24.27,23.18,23.72,38206
19-Jun-14,23.76,23.76,22.98,23.01,11585
18-Jun-14,24.64,24.64,23.27,23.36,7270
17-Jun-14,24.22,24.65,23.60,23.74,13475
16-Jun-14,23.05,24.85,23.05,24.21,21449
13-Jun-14,22.92,23.23,22.83,22.93,10452
12-Jun-14,23.24,23.60,22.54,22.96,13215
11-Jun-14,23.50,23.64,23.13,23.37,15501
10-Jun-14,23.56,23.89,23.32,23.56,7515
9-Jun-14,23.61,24.17,23.31,23.78,16384
6-Jun-14,23.57,24.20,23.57,23.73,20465
5-Jun-14,22.75,23.50,22.50,23.45,14465
4-Jun-14,22.92,23.00,22.47,22.62,20651
3-Jun-14,23.77,24.42,22.89,22.89,18969
2-Jun-14,24.40,24.50,23.54,23.72,11052
30-May-14,24.21,25.17,24.14,24.54,20301
29-May-14,23.96,24.33,23.85,24.25,10367
28-May-14,23.80,24.50,23.56,24.04,16578
27-May-14,23.51,24.00,22.90,23.91,37227
23-May-14,23.18,23.64,23.06,23.23,21939
22-May-14,23.04,23.38,23.00,23.14,24086
21-May-14,23.33,23.33,22.81,23.01,22359
20-May-14,24.27,24.28,22.92,23.14,22657
19-May-14,24.80,24.92,24.01,24.22,20896
16-May-14,24.30,25.18,23.64,25.07,15558
15-May-14,25.23,25.25,24.02,24.20,19296
14-May-14,25.52,25.52,25.10,25.27,25507
13-May-14,24.55,25.83,24.43,25.69,31049
12-May-14,23.84,24.72,23.60,24.56,21051
9-May-14,23.00,23.85,21.87,23.63,19451
8-May-14,23.51,23.51,22.74,22.91,29914
7-May-14,23.32,23.80,22.70,23.64,25569
6-May-14,23.56,24.25,22.90,23.20,22958
5-May-14,23.19,23.76,23.16,23.55,23137
2-May-14,23.47,24.20,23.00,23.14,40065
1-May-14,24.08,24.61,22.97,23.48,43212
30-Apr-14,24.28,25.15,23.72,24.19,23691
29-Apr-14,24.53,24.65,24.23,24.38,18424
28-Apr-14,25.02,25.39,24.18,24.50,19617
25-Apr-14,24.88,25.29,24.75,24.82,15468
24-Apr-14,25.02,25.33,24.71,25.00,25580
23-Apr-14,25.09,25.37,24.67,24.74,13966
22-Apr-14,24.84,25.32,24.79,25.05,17488
21-Apr-14,25.33,25.36,24.11,24.69,32219
17-Apr-14,25.57,25.79,25.27,25.51,8354
16-Apr-14,25.25,25.77,25.25,25.56,10500
15-Apr-14,25.40,25.49,25.00,25.25,9822
14-Apr-14,25.46,25.72,24.93,25.33,18729
11-Apr-14,25.09,25.70,25.07,25.13,19207
10-Apr-14,25.96,26.24,25.11,25.11,19051
9-Apr-14,26.16,26.16,25.39,25.98,18740
8-Apr-14,26.00,26.53,25.70,26.04,31094
7-Apr-14,25.71,26.30,25.34,26.00,32343
4-Apr-14,26.46,26.49,25.50,25.60,19128
3-Apr-14,26.48,26.49,25.95,26.43,15821
2-Apr-14,26.44,26.67,26.24,26.46,19046
1-Apr-14,26.35,26.50,26.25,26.42,15323
31-Mar-14,26.56,26.97,26.29,26.40,37823
28-Mar-14,26.50,26.55,26.20,26.50,20620
27-Mar-14,26.44,26.50,26.14,26.50,18301
26-Mar-14,26.70,26.75,26.28,26.32,17324
25-Mar-14,27.10,27.40,26.45,26.74,29705
24-Mar-14,26.85,27.02,26.11,26.85,19430
21-Mar-14,28.60,28.60,26.69,26.95,41411
20-Mar-14,28.23,28.51,28.14,28.39,15345
19-Mar-14,28.71,28.71,28.02,28.39,22612
18-Mar-14,28.98,29.47,28.21,28.75,17338
17-Mar-14,28.91,29.04,28.68,28.98,15355
14-Mar-14,28.81,28.95,28.67,28.83,21933
13-Mar-14,29.15,29.47,28.80,28.81,12416
12-Mar-14,28.92,29.32,28.85,29.19,13741
11-Mar-14,29.34,29.51,28.81,29.00,12885
10-Mar-14,28.67,29.51,28.25,29.30,37143
7-Mar-14,28.54,29.11,28.50,28.82,7242
6-Mar-14,28.19,28.50,28.02,28.49,12478
5-Mar-14,28.56,28.56,27.12,27.99,18450
4-Mar-14,27.76,29.48,27.71,28.61,37836
3-Mar-14,27.30,27.44,26.99,27.32,6708
28-Feb-14,27.25,28.30,27.06,27.41,35870
27-Feb-14,27.49,28.19,27.10,27.34,9539
26-Feb-14,28.16,28.16,27.19,27.47,11952
25-Feb-14,28.23,28.33,28.00,28.01,8229
24-Feb-14,28.09,28.52,28.08,28.09,17543
21-Feb-14,27.96,28.15,27.78,27.90,10687
20-Feb-14,27.42,28.00,27.36,27.77,7880
19-Feb-14,27.90,28.35,26.76,27.01,19020
18-Feb-14,26.81,28.14,26.81,28.08,21799
14-Feb-14,26.59,27.00,26.59,26.84,10695
13-Feb-14,26.62,26.95,26.37,26.51,12001
12-Feb-14,26.76,26.87,26.20,26.63,15259
11-Feb-14,26.55,26.88,26.08,26.62,11190
10-Feb-14,26.99,28.96,26.15,26.42,12695
7-Feb-14,27.05,27.70,26.10,26.82,21212
6-Feb-14,26.31,26.95,26.22,26.85,16602
5-Feb-14,26.75,26.85,25.92,26.13,26336
4-Feb-14,27.72,27.74,26.58,26.83,25672
3-Feb-14,29.04,29.04,27.11,27.69,37924
31-Jan-14,29.12,29.41,29.00,29.04,24601
30-Jan-14,29.14,29.66,29.01,29.41,13865
29-Jan-14,28.98,29.35,28.54,28.81,15571
28-Jan-14,28.41,29.25,28.18,29.18,18931
27-Jan-14,28.84,29.05,28.06,28.27,14929
24-Jan-14,29.50,29.67,28.53,28.82,15244
23-Jan-14,29.81,29.95,29.50,29.52,10802
22-Jan-14,29.69,29.80,29.52,29.80,7842
21-Jan-14,29.85,30.00,29.78,29.78,9133
17-Jan-14,29.98,30.28,29.70,29.82,10577
16-Jan-14,30.10,30.46,29.98,30.11,12061
15-Jan-14,29.88,30.37,29.80,30.10,6195
14-Jan-14,29.69,29.97,29.69,29.97,16025
13-Jan-14,29.51,29.69,29.40,29.68,42837
10-Jan-14,29.77,29.85,29.40,29.79,14706
9-Jan-14,30.01,30.07,29.17,29.90,12090
8-Jan-14,30.60,30.60,29.71,29.82,9777
7-Jan-14,31.27,31.72,30.44,30.59,13343
6-Jan-14,31.95,32.12,30.93,31.26,11445
3-Jan-14,30.83,32.00,30.81,31.89,25948
2-Jan-14,30.94,31.06,30.60,30.77,16158
31-Dec-13,31.10,31.72,30.60,31.01,13302
30-Dec-13,31.69,31.69,30.87,31.23,18948
27-Dec-13,31.89,31.89,30.35,31.28,13995
26-Dec-13,32.29,32.69,31.53,31.78,14321
24-Dec-13,32.12,32.43,32.00,32.43,3719
23-Dec-13,31.75,32.11,31.27,31.99,17520
20-Dec-13,32.06,32.28,31.30,31.45,63794
19-Dec-13,32.81,32.81,31.68,31.91,10157
18-Dec-13,31.92,32.86,31.48,32.83,21785
17-Dec-13,30.73,31.89,30.66,31.57,11204
16-Dec-13,30.33,31.06,30.05,30.80,11181
13-Dec-13,29.63,30.44,29.23,30.27,11306
12-Dec-13,29.34,29.85,28.90,29.36,19786
11-Dec-13,28.51,29.47,28.51,29.23,26038
10-Dec-13,31.04,31.17,28.31,28.45,35838
9-Dec-13,33.54,34.34,30.25,30.92,46557
6-Dec-13,34.15,34.28,33.03,33.61,21916
5-Dec-13,34.40,34.75,33.02,33.78,6385
4-Dec-13,38.54,38.54,34.09,34.66,15096
3-Dec-13,38.01,38.75,38.01,38.45,6602
2-Dec-13,38.50,38.86,37.75,38.00,5483
29-Nov-13,38.00,38.74,38.00,38.73,7457
27-Nov-13,37.17,38.18,37.07,37.91,23987
26-Nov-13,36.75,37.98,36.75,37.26,15571
25-Nov-13,36.33,36.98,36.15,36.74,6038
22-Nov-13,35.59,35.99,35.39,35.80,14412
21-Nov-13,35.37,35.88,35.37,35.69,7318
20-Nov-13,35.59,35.59,35.09,35.37,9201
19-Nov-13,35.18,35.96,35.16,35.56,40185
18-Nov-13,36.16,36.16,35.26,35.31,9272
15-Nov-13,36.07,37.01,35.55,36.13,8723
14-Nov-13,36.29,36.41,35.86,36.15,6232
13-Nov-13,35.90,36.64,35.81,36.48,7798
12-Nov-13,36.37,36.58,35.48,36.14,14625
11-Nov-13,36.10,37.00,35.37,36.38,36921
8-Nov-13,35.92,36.96,35.92,36.34,16452
7-Nov-13,36.59,36.86,35.89,35.91,24072
6-Nov-13,36.05,36.58,35.87,36.30,22892
5-Nov-13,36.00,36.31,35.73,35.92,7759
4-Nov-13,36.39,36.41,35.76,35.89,13608
1-Nov-13,36.56,36.99,36.00,36.33,35531
31-Oct-13,37.06,38.04,36.51,36.66,18265
30-Oct-13,38.20,38.95,36.92,36.93,28425
29-Oct-13,36.48,38.00,36.48,37.84,7908
28-Oct-13,35.60,36.61,35.15,36.49,20788
25-Oct-13,35.85,36.44,35.34,35.61,35149
24-Oct-13,35.16,36.16,34.91,35.93,25982
23-Oct-13,34.65,35.32,34.42,35.16,14204
22-Oct-13,35.40,35.40,34.15,34.71,29000
21-Oct-13,34.81,35.47,34.72,35.35,23689
18-Oct-13,34.75,34.96,34.07,34.87,17971
17-Oct-13,34.49,35.00,34.36,34.40,16469
16-Oct-13,34.86,35.36,33.97,34.52,22854
15-Oct-13,35.29,35.30,34.55,34.66,8517
14-Oct-13,35.40,35.60,35.07,35.16,16935
11-Oct-13,35.55,35.60,35.21,35.40,15526
10-Oct-13,34.37,35.75,34.37,35.74,26066
9-Oct-13,35.10,35.22,34.48,34.53,32646
8-Oct-13,35.00,35.00,34.50,34.65,31640
7-Oct-13,34.49,35.15,34.49,34.85,19358
4-Oct-13,34.52,34.92,34.42,34.89,15539
3-Oct-13,35.71,35.71,34.30,34.54,21600
2-Oct-13,37.78,38.01,35.30,35.72,13642
1-Oct-13,38.14,38.52,37.68,38.16,5339
30-Sep-13,38.22,38.40,37.67,38.00,23024
27-Sep-13,38.26,38.65,38.26,38.40,3813
26-Sep-13,39.15,39.19,38.50,38.57,6545
25-Sep-13,39.44,39.71,38.99,39.00,7244
24-Sep-13,38.37,39.30,38.37,39.23,7631
23-Sep-13,38.50,38.77,37.89,38.48,11496
20-Sep-13,37.11,38.48,37.02,38.47,26596
19-Sep-13,37.45,37.45,37.08,37.10,3568
18-Sep-13,36.95,37.45,36.78,37.38,5180
17-Sep-13,36.39,36.62,36.30,36.62,3990
16-Sep-13,36.81,36.81,35.93,36.23,5340
13-Sep-13,36.67,37.12,36.25,36.32,6269
12-Sep-13,37.11,37.11,36.39,36.51,8083
11-Sep-13,36.75,37.07,36.30,36.90,8461
10-Sep-13,37.20,37.20,36.55,36.71,7792
9-Sep-13,35.94,36.90,35.63,36.83,8742
6-Sep-13,35.53,35.58,35.22,35.51,8575
5-Sep-13,35.54,35.71,35.14,35.45,11970
4-Sep-13,35.83,35.88,35.47,35.61,11694
3-Sep-13,35.41,36.22,35.36,35.68,8683
30-Aug-13,35.95,36.81,34.77,34.99,20902
29-Aug-13,35.01,35.97,35.01,35.82,9141
28-Aug-13,35.50,36.04,35.12,35.33,14585
27-Aug-13,36.05,36.34,35.25,35.55,18316
26-Aug-13,36.56,37.00,36.00,36.33,14942
23-Aug-13,37.00,37.12,36.40,36.68,6037
22-Aug-13,35.75,37.07,35.75,36.97,5783
21-Aug-13,36.64,37.30,35.70,35.76,5797
20-Aug-13,35.67,36.70,35.62,36.63,4569
19-Aug-13,35.50,35.65,35.22,35.52,11245
16-Aug-13,35.51,35.77,35.14,35.68,17349
15-Aug-13,35.50,35.79,35.19,35.74,12173
14-Aug-13,36.03,36.17,35.69,35.83,13586
13-Aug-13,36.88,36.88,35.60,36.14,7902
12-Aug-13,36.54,37.07,36.31,36.93,7224
9-Aug-13,37.10,37.71,36.34,36.60,30238
8-Aug-13,36.83,37.09,36.50,37.08,8802
7-Aug-13,37.00,37.42,36.29,36.94,7156
6-Aug-13,37.45,37.62,37.24,37.36,4142
5-Aug-13,37.85,37.85,37.35,37.61,7288
2-Aug-13,37.00,37.88,37.00,37.74,9178
1-Aug-13,36.90,37.32,36.82,37.25,6680
31-Jul-13,35.41,36.91,35.41,36.85,7560
30-Jul-13,36.50,36.64,34.86,35.45,31526
29-Jul-13,36.39,36.61,36.13,36.20,4937
26-Jul-13,36.75,37.20,36.34,36.47,14472
25-Jul-13,35.70,37.35,35.70,37.13,19639
24-Jul-13,35.93,35.93,35.30,35.58,8245
23-Jul-13,35.15,35.82,35.14,35.42,8321
22-Jul-13,35.93,36.25,35.14,35.36,19834
19-Jul-13,36.01,36.20,35.69,36.10,22606
18-Jul-13,36.25,36.30,35.87,35.97,12155
17-Jul-13,36.01,36.23,35.72,36.04,12030
16-Jul-13,35.44,36.00,35.35,35.97,18926
15-Jul-13,35.86,35.86,35.04,35.35,23804
12-Jul-13,33.99,35.88,33.64,35.83,21963
11-Jul-13,34.00,34.05,33.82,34.00,29642
10-Jul-13,34.01,34.02,33.80,34.00,21733
9-Jul-13,34.31,34.31,33.80,33.82,27666
8-Jul-13,34.23,34.23,33.85,34.00,17575
5-Jul-13,34.10,34.10,33.78,34.07,15525
3-Jul-13,33.71,34.25,33.50,34.07,6660
2-Jul-13,33.78,33.91,32.97,33.67,19998
1-Jul-13,33.33,34.29,33.03,33.87,21223
28-Jun-13,33.42,33.60,32.95,33.09,493223
27-Jun-13,33.44,33.65,33.16,33.51,29931
26-Jun-13,33.50,33.50,33.00,33.05,30895
25-Jun-13,33.41,33.70,33.00,33.25,22770
24-Jun-13,32.62,33.51,32.39,33.09,53936
21-Jun-13,33.04,33.25,32.65,32.94,39079
20-Jun-13,33.26,33.59,32.59,32.88,19644
19-Jun-13,34.75,34.82,33.35,33.78,19599
18-Jun-13,34.96,35.33,34.56,34.94,39182
17-Jun-13,35.11,36.74,34.60,34.99,39871
14-Jun-13,35.49,35.49,34.28,34.81,8743
13-Jun-13,35.00,35.69,34.76,35.67,11264
12-Jun-13,35.61,35.74,34.92,34.93,14310
11-Jun-13,35.27,35.89,35.27,35.40,9348
10-Jun-13,34.00,35.71,34.00,35.69,17995
7-Jun-13,34.97,34.97,34.11,34.37,13598
6-Jun-13,35.69,35.76,34.16,34.63,84676
5-Jun-13,36.43,37.08,35.39,35.56,18282
4-Jun-13,38.02,38.90,36.07,36.37,56219
3-Jun-13,37.32,38.58,36.82,38.10,65578
31-May-13,38.07,38.25,37.03,37.40,50376
30-May-13,37.75,38.65,37.75,38.37,29756
29-May-13,37.85,38.21,37.11,38.06,35671
28-May-13,38.50,38.97,37.73,38.05,17656
24-May-13,37.15,38.52,36.44,37.97,35727
23-May-13,37.43,37.50,36.80,37.38,6637
22-May-13,38.47,39.29,37.64,37.64,10643
21-May-13,38.40,38.65,37.64,38.47,6519
20-May-13,37.04,38.54,36.87,38.42,6020
17-May-13,37.40,37.67,37.14,37.33,14428
16-May-13,37.25,37.47,37.16,37.24,1863
15-May-13,37.13,37.50,36.90,37.28,5367
14-May-13,37.40,37.42,36.86,37.37,7186
13-May-13,37.19,37.19,36.80,37.06,4343
10-May-13,37.05,37.64,36.60,37.15,27208
9-May-13,36.38,37.24,35.97,36.89,9426
8-May-13,37.41,37.53,36.33,36.52,8485
7-May-13,36.32,37.22,35.81,37.19,20219
6-May-13,35.79,36.45,35.43,36.14,3639
3-May-13,35.64,36.38,35.36,35.90,26945
2-May-13,34.31,35.43,34.31,35.19,7558
1-May-13,35.10,35.10,34.00,34.00,22942
30-Apr-13,34.77,35.20,34.70,35.20,9668
29-Apr-13,34.23,34.95,34.23,34.84,2968
26-Apr-13,33.80,34.20,33.30,33.99,30874
25-Apr-13,34.00,34.00,33.80,33.81,12190
24-Apr-13,32.88,34.00,32.88,33.99,12105
23-Apr-13,32.59,33.01,32.59,33.01,10362
22-Apr-13,32.30,32.49,31.97,32.37,15639
19-Apr-13,31.85,32.30,31.73,32.08,12909
18-Apr-13,32.00,32.15,31.79,31.79,12176
17-Apr-13,32.25,32.83,31.38,31.92,18303
16-Apr-13,32.61,32.71,32.25,32.35,24912
15-Apr-13,33.39,33.70,32.02,32.11,15723
12-Apr-13,33.71,33.98,33.15,33.68,10696
11-Apr-13,33.75,33.86,33.53,33.80,6833
10-Apr-13,32.80,33.80,32.80,33.76,8456
9-Apr-13,33.06,33.06,32.75,32.75,8598
8-Apr-13,33.15,33.15,32.84,32.90,4488
5-Apr-13,32.43,34.28,32.43,32.96,5708
4-Apr-13,32.60,33.00,32.42,32.90,13688
3-Apr-13,32.78,32.89,32.38,32.43,14822
2-Apr-13,33.50,33.50,32.71,32.74,6832
1-Apr-13,33.69,34.30,33.06,33.24,12727
28-Mar-13,33.75,33.77,33.60,33.69,9154
27-Mar-13,33.82,34.15,33.76,33.85,9626
26-Mar-13,33.96,34.04,33.75,33.96,7711
25-Mar-13,34.00,34.00,33.73,33.83,12199
22-Mar-13,33.20,33.94,33.20,33.75,6332
21-Mar-13,33.10,33.20,32.89,32.99,7821
20-Mar-13,33.57,33.57,33.04,33.20,5381
19-Mar-13,33.76,34.01,32.96,33.42,12123
18-Mar-13,33.00,33.35,32.80,33.29,8225
15-Mar-13,33.17,33.42,33.10,33.20,38781
14-Mar-13,33.27,33.44,32.71,33.10,7742
13-Mar-13,32.91,33.31,32.91,33.29,2372
12-Mar-13,33.01,33.41,32.55,32.89,7845
11-Mar-13,33.73,33.78,32.71,33.00,6177
8-Mar-13,34.06,34.06,33.82,33.89,7745
7-Mar-13,33.60,33.84,33.48,33.68,6981
6-Mar-13,34.04,34.04,33.51,33.60,3609
5-Mar-13,34.60,34.67,34.00,34.10,11554
4-Mar-13,34.06,34.56,33.92,34.30,5249
1-Mar-13,32.17,34.31,32.17,34.07,6235
28-Feb-13,33.27,33.37,32.03,32.75,28373
27-Feb-13,35.09,35.24,32.70,33.25,31155
26-Feb-13,33.64,35.28,33.50,35.11,5930
25-Feb-13,33.73,33.90,33.12,33.49,31134
22-Feb-13,32.96,33.59,32.60,33.59,9142
21-Feb-13,33.37,33.47,32.43,32.72,41564
20-Feb-13,33.50,33.63,33.00,33.00,15327
19-Feb-13,33.29,33.60,33.26,33.44,4235
15-Feb-13,33.70,33.70,32.45,33.23,22299
14-Feb-13,33.50,33.74,33.06,33.39,4507
13-Feb-13,33.58,33.88,33.40,33.44,5664
12-Feb-13,33.23,33.55,33.23,33.44,4044
11-Feb-13,33.16,33.60,32.95,33.11,14612
8-Feb-13,32.75,33.24,32.50,33.14,6092
7-Feb-13,32.60,32.68,32.20,32.56,5385
6-Feb-13,32.43,32.99,32.16,32.66,7259
5-Feb-13,32.71,33.13,32.41,32.70,4649
4-Feb-13,32.22,33.00,31.96,32.46,8295
1-Feb-13,32.07,32.73,32.07,32.53,14499
31-Jan-13,31.88,32.57,31.70,31.99,19151
30-Jan-13,31.79,33.15,31.66,31.84,13450
29-Jan-13,31.92,32.22,31.63,31.84,16412
28-Jan-13,30.57,32.02,30.57,32.02,13465
25-Jan-13,30.46,30.62,30.00,30.50,12168
24-Jan-13,31.06,31.06,29.51,30.15,71442
23-Jan-13,31.27,31.31,30.05,30.09,16329
22-Jan-13,31.61,31.68,31.05,31.21,20204
18-Jan-13,31.77,32.09,31.50,31.60,28360
17-Jan-13,31.64,32.05,31.64,31.86,27233
16-Jan-13,31.85,32.00,31.28,31.36,6956
15-Jan-13,31.50,31.99,31.50,31.90,6683
14-Jan-13,31.75,32.00,31.54,31.58,5572
11-Jan-13,32.04,32.04,31.75,31.75,8974
10-Jan-13,31.75,32.20,31.75,31.98,9538
9-Jan-13,32.04,32.07,31.63,31.98,10038
8-Jan-13,32.59,32.60,31.76,31.86,8940
7-Jan-13,33.10,33.98,32.21,32.49,13676
4-Jan-13,33.89,34.24,33.12,33.36,11094
3-Jan-13,34.75,34.87,33.41,33.68,28477
2-Jan-13,33.87,35.76,33.87,34.81,43241
31-Dec-12,32.03,33.96,31.95,32.86,34206
28-Dec-12,31.21,32.56,31.21,31.89,17000
27-Dec-12,31.80,32.08,31.45,31.80,14274
26-Dec-12,32.61,32.75,31.52,31.65,5750
24-Dec-12,32.25,32.49,32.25,32.42,985
21-Dec-12,33.03,33.03,32.11,32.41,86726
20-Dec-12,33.41,33.49,32.42,32.90,25548
19-Dec-12,33.86,34.24,33.34,33.35,24403
18-Dec-12,33.90,34.12,33.48,34.06,13670
17-Dec-12,33.86,34.75,33.86,34.16,17134
14-Dec-12,33.78,33.85,33.62,33.73,5718
13-Dec-12,33.92,34.89,33.17,33.42,13289
12-Dec-12,35.00,35.00,33.92,33.97,6756
11-Dec-12,34.78,35.12,34.65,35.00,22682
10-Dec-12,35.11,35.43,34.19,34.45,41963
7-Dec-12,36.74,36.74,35.82,36.20,12326
6-Dec-12,36.72,36.87,35.57,36.47,21000
5-Dec-12,37.15,37.48,36.55,36.96,35040
4-Dec-12,36.75,37.40,36.34,37.11,41847
3-Dec-12,37.77,37.77,37.16,37.40,13779
30-Nov-12,36.99,37.76,36.05,37.66,37921
29-Nov-12,36.66,36.99,36.31,36.89,13555
28-Nov-12,36.14,36.66,36.14,36.28,2865
27-Nov-12,35.90,36.67,35.40,35.78,35436
26-Nov-12,35.53,36.20,34.94,35.94,7477
23-Nov-12,35.10,35.78,34.83,35.50,25921
21-Nov-12,35.00,35.72,34.43,34.91,4689
20-Nov-12,35.60,36.70,34.44,35.07,23222
19-Nov-12,34.44,35.78,34.44,35.78,7619
16-Nov-12,33.75,34.30,33.42,34.02,20573
15-Nov-12,34.01,35.07,33.55,33.70,7619
14-Nov-12,35.04,35.08,33.61,34.00,12256
13-Nov-12,35.00,35.50,34.63,35.03,8857
12-Nov-12,35.02,35.92,34.35,35.35,4267
9-Nov-12,34.00,35.02,33.97,35.01,8543
8-Nov-12,34.68,35.18,33.99,34.25,15981
7-Nov-12,36.61,36.61,34.41,34.84,33422
6-Nov-12,36.30,37.04,36.14,36.99,16804
5-Nov-12,35.94,36.37,35.69,36.29,12104
2-Nov-12,36.88,36.88,35.49,35.80,12550
1-Nov-12,36.62,37.15,36.57,36.86,26792
31-Oct-12,37.01,37.01,36.22,36.67,22271
26-Oct-12,37.50,37.90,36.69,36.97,27577
25-Oct-12,36.10,37.74,35.73,37.74,24619
24-Oct-12,35.39,35.90,35.05,35.60,16825
23-Oct-12,34.85,35.81,34.47,34.93,39772
22-Oct-12,35.39,35.39,34.52,35.09,9914
19-Oct-12,35.03,36.01,34.75,35.22,52083
18-Oct-12,35.77,35.99,35.09,35.11,13621
17-Oct-12,34.86,35.89,34.86,35.71,11218
16-Oct-12,35.50,36.30,34.60,34.90,33069
15-Oct-12,34.86,35.99,34.70,35.19,8851
12-Oct-12,33.50,35.13,33.50,34.86,57719
11-Oct-12,33.31,33.97,33.24,33.58,15034
10-Oct-12,32.92,33.48,32.92,33.16,6240
9-Oct-12,34.10,34.10,32.69,32.87,18380
8-Oct-12,34.45,34.53,33.96,34.06,15104
5-Oct-12,35.53,35.91,34.13,34.53,23944
4-Oct-12,35.61,35.71,34.78,35.00,12661
3-Oct-12,36.37,36.37,35.35,35.47,16366
2-Oct-12,36.93,37.03,36.40,36.58,38298
1-Oct-12,37.01,37.14,36.15,36.90,11998
28-Sep-12,37.02,37.78,36.68,36.76,37373
27-Sep-12,37.69,37.69,36.52,37.30,15597
26-Sep-12,37.87,38.09,36.70,37.39,34072
25-Sep-12,37.73,38.06,37.41,37.85,19111
24-Sep-12,37.39,38.07,37.12,37.60,13170
21-Sep-12,37.78,38.00,36.89,37.63,65395
20-Sep-12,37.15,37.42,37.03,37.11,2813
19-Sep-12,37.20,37.47,36.88,37.47,6377
18-Sep-12,37.20,37.53,36.81,37.20,26144
17-Sep-12,37.85,37.85,36.79,37.25,15665
14-Sep-12,36.85,38.30,36.49,37.95,43859
13-Sep-12,35.00,37.14,35.00,36.80,23422
12-Sep-12,34.64,35.08,34.49,35.08,7010
11-Sep-12,34.38,34.70,34.11,34.36,18001
10-Sep-12,34.59,34.62,33.64,34.19,15587
7-Sep-12,35.23,35.23,34.33,34.72,19257
6-Sep-12,33.97,35.06,33.55,35.06,24201
5-Sep-12,33.96,33.97,33.61,33.78,12922
4-Sep-12,33.37,33.78,33.17,33.76,23217
31-Aug-12,34.01,34.01,33.12,33.33,42426
30-Aug-12,34.43,34.55,33.73,33.73,7447
29-Aug-12,34.67,34.70,34.44,34.70,11691
28-Aug-12,34.66,34.67,34.30,34.60,6654
27-Aug-12,34.72,34.80,34.41,34.67,3410
24-Aug-12,34.72,34.80,34.52,34.73,5017
23-Aug-12,34.92,35.26,34.74,34.77,3696
22-Aug-12,35.38,35.69,34.98,35.19,12265
21-Aug-12,35.94,35.94,35.43,35.56,20477
20-Aug-12,35.58,36.00,35.29,35.87,12533
17-Aug-12,35.53,36.21,35.30,36.21,12013
16-Aug-12,35.25,35.86,35.24,35.66,8095
15-Aug-12,35.00,35.75,35.00,35.75,8103
14-Aug-12,35.92,35.95,34.87,35.00,11751
13-Aug-12,34.95,35.67,34.95,35.67,3031
10-Aug-12,34.91,35.80,34.85,34.98,2884
9-Aug-12,34.83,35.86,34.74,35.06,3638
8-Aug-12,35.29,35.86,35.20,35.60,5524
7-Aug-12,35.50,35.95,35.19,35.38,20402
6-Aug-12,35.01,35.48,34.51,35.45,10547
3-Aug-12,34.07,35.14,33.17,34.98,20502
2-Aug-12,33.86,34.18,33.16,33.66,22138
1-Aug-12,35.39,35.39,34.11,34.11,18268
31-Jul-12,34.72,35.58,34.09,35.41,22250
30-Jul-12,34.87,35.27,34.70,34.93,7669
27-Jul-12,34.10,35.00,33.77,34.92,43886
26-Jul-12,34.01,34.58,33.83,34.07,23374
25-Jul-12,33.58,33.93,33.18,33.30,10460
24-Jul-12,33.89,34.15,33.17,33.42,15134
23-Jul-12,33.72,34.25,33.25,33.63,19012
20-Jul-12,34.73,34.80,34.14,34.14,12767
19-Jul-12,35.56,35.56,35.03,35.03,6851
18-Jul-12,35.64,35.73,35.10,35.54,13934
17-Jul-12,35.50,36.02,35.29,35.62,34658
16-Jul-12,36.10,36.10,35.55,35.98,7554
13-Jul-12,35.12,36.36,35.00,36.20,40999
12-Jul-12,34.80,35.19,34.11,34.95,13564
11-Jul-12,34.38,35.22,34.27,35.12,25754
10-Jul-12,34.08,34.53,33.60,34.50,9094
9-Jul-12,33.65,34.15,33.47,33.89,13136
6-Jul-12,33.80,34.03,33.43,33.56,35449
5-Jul-12,33.93,34.48,33.77,34.17,17587
3-Jul-12,32.98,33.93,32.97,33.93,20354
2-Jul-12,32.58,33.13,32.21,33.13,41678
29-Jun-12,32.50,32.69,32.32,32.58,38119
28-Jun-12,32.03,32.14,31.76,32.05,16879
27-Jun-12,31.95,32.50,31.67,32.40,24615
26-Jun-12,31.30,31.99,31.12,31.93,32736
25-Jun-12,31.12,31.98,30.81,31.75,22019
22-Jun-12,30.36,31.36,30.13,31.35,506492
21-Jun-12,30.05,30.40,29.70,29.95,19207
20-Jun-12,30.36,30.36,29.69,29.92,22590
19-Jun-12,29.90,30.39,28.95,30.34,35400
18-Jun-12,29.00,30.58,28.55,29.78,23774
15-Jun-12,28.53,29.25,28.26,29.07,28532
14-Jun-12,27.80,28.67,27.80,28.67,11489
13-Jun-12,27.48,28.70,27.25,27.80,30879
12-Jun-12,27.09,28.01,26.98,27.67,46943
11-Jun-12,26.81,27.58,26.69,26.80,26299
8-Jun-12,26.61,26.95,26.47,26.57,6393
7-Jun-12,26.26,26.61,26.26,26.57,20920
6-Jun-12,24.92,26.18,24.92,26.09,12086
5-Jun-12,24.76,25.24,24.30,24.88,20778
4-Jun-12,24.50,25.17,24.50,24.95,14495
1-Jun-12,24.93,25.14,24.29,24.29,24023
31-May-12,25.59,25.59,25.00,25.00,22387
30-May-12,25.00,26.13,24.51,25.42,17463
29-May-12,25.38,25.38,24.98,25.24,10492
25-May-12,25.14,25.39,25.07,25.09,10098
24-May-12,25.20,25.28,24.91,25.06,6873
23-May-12,24.77,25.58,24.77,25.24,12720
22-May-12,26.12,26.23,25.12,25.15,12900
21-May-12,26.56,26.56,26.00,26.26,17466
18-May-12,26.63,26.79,26.51,26.51,9894
17-May-12,26.85,26.89,26.68,26.69,10341
16-May-12,26.96,27.18,26.81,26.85,3005
15-May-12,26.96,27.20,26.85,26.88,21844
14-May-12,26.80,27.16,26.80,27.02,7295
11-May-12,26.99,27.23,26.99,27.05,7412
10-May-12,27.32,27.34,27.00,27.03,5423
9-May-12,26.91,27.61,26.91,27.00,16282
8-May-12,27.00,27.78,27.00,27.10,13647
7-May-12,27.23,27.69,27.00,27.04,6080
4-May-12,28.36,28.45,27.15,27.18,10231
3-May-12,27.81,28.54,27.81,28.34,11369
2-May-12,27.07,27.88,27.07,27.73,7866
1-May-12,27.82,28.56,27.14,27.14,9847
30-Apr-12,28.24,28.54,27.53,27.60,8014
27-Apr-12,27.58,28.74,27.26,28.65,11091
26-Apr-12,27.29,27.58,27.22,27.39,7399
25-Apr-12,27.90,28.05,26.90,27.09,15913
24-Apr-12,27.50,27.80,26.95,27.52,23945
23-Apr-12,27.74,27.84,27.41,27.51,22388
20-Apr-12,29.76,29.76,27.53,28.30,59992
19-Apr-12,29.54,29.96,28.66,28.66,9943
18-Apr-12,30.02,30.12,29.14,29.60,10363
17-Apr-12,30.08,30.50,29.76,30.16,6369
16-Apr-12,29.33,30.07,28.85,29.76,6890
13-Apr-12,30.50,30.50,29.11,29.12,11776
12-Apr-12,29.33,30.56,29.33,30.54,11746
11-Apr-12,28.82,29.33,28.80,29.33,8753
10-Apr-12,29.03,29.29,28.05,28.53,26301
9-Apr-12,30.03,30.17,28.63,29.00,19384
5-Apr-12,31.30,31.53,30.45,30.45,10106
4-Apr-12,32.03,32.30,31.31,31.33,8711
3-Apr-12,32.26,32.93,32.26,32.34,15059
2-Apr-12,31.50,32.50,31.50,32.50,17550
30-Mar-12,32.11,32.11,31.34,31.59,11894
29-Mar-12,31.63,32.15,31.45,31.80,4732
28-Mar-12,32.26,32.38,31.65,31.77,5658
27-Mar-12,32.16,32.50,31.63,32.27,17657
26-Mar-12,31.50,32.17,30.75,32.17,18839
23-Mar-12,29.79,31.46,29.79,31.45,4929
22-Mar-12,30.91,30.91,29.86,30.42,15088
21-Mar-12,31.02,31.32,30.69,31.09,4241
20-Mar-12,30.99,31.28,30.70,30.99,9631
19-Mar-12,30.90,31.60,30.65,31.09,14635
16-Mar-12,31.85,31.85,30.92,30.93,18386
15-Mar-12,31.58,31.83,31.20,31.80,3735
14-Mar-12,31.91,31.94,31.63,31.63,3034
13-Mar-12,31.96,32.23,31.57,32.12,14375
12-Mar-12,30.28,32.15,29.72,31.75,11456
9-Mar-12,29.50,30.99,29.50,30.48,8554
8-Mar-12,28.80,29.46,28.48,29.46,6154
7-Mar-12,28.01,29.00,27.61,28.80,14739
6-Mar-12,28.40,28.50,27.70,27.71,9854
5-Mar-12,28.20,28.88,28.20,28.52,7240
2-Mar-12,30.35,30.35,28.00,28.12,15041
1-Mar-12,30.37,30.79,29.91,30.20,8482
29-Feb-12,31.01,31.08,30.07,30.09,7497
28-Feb-12,31.24,31.45,30.69,31.09,8544
27-Feb-12,30.85,31.32,30.75,31.15,5454
24-Feb-12,31.86,31.86,30.09,31.07,8673
23-Feb-12,31.16,31.57,31.08,31.57,8071
22-Feb-12,32.16,32.50,31.16,31.16,5909
21-Feb-12,32.48,32.58,32.16,32.16,2469
17-Feb-12,32.58,32.68,32.40,32.45,4299
16-Feb-12,31.91,32.50,31.51,32.43,5734
15-Feb-12,32.55,32.60,31.68,31.87,9427
14-Feb-12,32.68,32.68,32.45,32.45,2625
13-Feb-12,32.86,32.96,32.09,32.80,7070
10-Feb-12,32.47,33.05,32.36,32.50,9585
9-Feb-12,33.69,33.69,32.64,32.79,15582
8-Feb-12,32.95,33.90,32.95,33.69,10018
7-Feb-12,33.22,33.55,32.80,33.23,13318
6-Feb-12,32.98,33.40,32.43,33.20,6826
3-Feb-12,33.42,33.53,32.72,33.25,24183
2-Feb-12,32.57,33.11,32.45,32.85,16186
1-Feb-12,31.54,32.76,31.54,32.76,11344
31-Jan-12,32.10,32.14,31.15,31.63,8925
30-Jan-12,31.70,32.04,31.45,31.96,9112
27-Jan-12,30.95,31.96,30.95,31.84,10869
26-Jan-12,31.31,31.31,30.57,31.00,11204
25-Jan-12,32.00,32.00,30.83,30.85,21775
24-Jan-12,30.64,32.50,30.56,31.93,40949
23-Jan-12,30.76,31.50,30.34,31.50,18930
20-Jan-12,30.41,30.92,29.61,30.92,14184
19-Jan-12,30.18,30.50,30.08,30.49,5305
18-Jan-12,29.46,30.49,29.46,30.47,13614
17-Jan-12,30.00,30.00,29.20,29.75,15763
13-Jan-12,28.85,29.96,28.85,29.81,7568
12-Jan-12,29.43,29.51,28.75,29.24,43244
11-Jan-12,29.15,29.43,28.98,29.34,7155
10-Jan-12,29.00,29.49,28.82,29.41,16601
9-Jan-12,28.91,28.91,28.34,28.73,8266
6-Jan-12,28.96,28.96,28.71,28.74,10089
5-Jan-12,28.73,29.38,28.42,28.96,7639
4-Jan-12,29.05,29.23,28.85,29.00,6217
3-Jan-12,28.86,30.04,28.12,29.34,38617
30-Dec-11,28.72,29.04,28.13,28.45,27863
29-Dec-11,28.25,28.85,28.10,28.73,27892
28-Dec-11,28.86,28.86,28.13,28.27,9330
27-Dec-11,28.75,29.00,28.54,28.72,7730
23-Dec-11,29.37,29.37,28.81,29.00,7591
22-Dec-11,29.15,29.55,28.76,29.54,15511
21-Dec-11,29.21,29.36,28.67,28.91,15825
20-Dec-11,28.66,29.43,28.55,28.88,26636
19-Dec-11,28.77,29.12,27.78,28.02,12797
16-Dec-11,28.68,28.82,28.19,28.50,42167
15-Dec-11,29.28,29.28,28.32,28.41,7732
14-Dec-11,28.61,29.26,28.50,28.75,22876
13-Dec-11,29.51,29.86,28.56,28.62,8994
12-Dec-11,29.73,29.73,28.92,29.32,8440
9-Dec-11,28.61,30.32,28.61,30.05,14317
8-Dec-11,30.00,30.00,28.02,28.35,19960
7-Dec-11,31.45,31.45,29.68,30.29,23565
6-Dec-11,29.78,31.70,29.78,31.70,6917
5-Dec-11,29.87,30.33,29.48,30.04,25070
2-Dec-11,29.75,29.89,29.44,29.60,8562
1-Dec-11,30.35,30.35,29.44,29.44,29483
30-Nov-11,29.79,30.88,29.78,30.68,45819
29-Nov-11,29.34,29.34,28.83,28.88,4611
28-Nov-11,28.90,29.54,28.71,29.48,19387
25-Nov-11,28.77,28.77,28.05,28.14,5252
23-Nov-11,29.59,29.61,28.94,28.96,10051
22-Nov-11,29.50,29.96,29.50,29.66,6562
21-Nov-11,29.18,30.00,29.15,29.40,12198
18-Nov-11,29.07,29.84,29.07,29.77,8373
17-Nov-11,29.57,29.57,28.97,29.00,4362
16-Nov-11,29.98,30.00,29.45,29.45,21404
15-Nov-11,29.15,29.99,29.15,29.98,7588
14-Nov-11,29.30,29.46,28.47,29.42,16294
11-Nov-11,28.80,29.72,28.80,29.72,11451
10-Nov-11,28.20,28.87,28.20,28.60,9413
9-Nov-11,29.05,29.05,27.50,28.02,13906
8-Nov-11,29.48,29.64,29.00,29.52,6009
7-Nov-11,29.30,29.66,29.01,29.17,5543
4-Nov-11,29.30,29.49,28.94,29.49,3911
3-Nov-11,29.51,29.69,29.21,29.58,11456
2-Nov-11,28.34,29.21,28.34,29.03,9050
1-Nov-11,27.55,29.92,27.54,28.06,17788
31-Oct-11,29.37,29.37,28.26,28.36,14667
28-Oct-11,29.35,30.33,29.00,29.38,35473
27-Oct-11,27.67,29.42,27.32,29.42,28970
26-Oct-11,26.92,27.30,26.63,27.27,9923
25-Oct-11,26.89,27.04,26.43,26.68,11857
24-Oct-11,26.60,27.14,26.38,27.14,11123
21-Oct-11,26.50,26.52,25.06,26.41,13435
20-Oct-11,25.93,26.16,25.82,26.08,3995
19-Oct-11,25.60,26.01,25.50,25.62,10121
18-Oct-11,25.15,25.93,24.55,25.74,23068
17-Oct-11,25.14,25.35,24.82,25.06,11147
14-Oct-11,24.93,25.42,24.48,25.25,12087
13-Oct-11,24.01,24.76,24.01,24.76,3401
12-Oct-11,24.20,24.20,23.70,24.15,9593
11-Oct-11,24.33,24.33,23.77,23.99,10092
10-Oct-11,24.64,24.64,24.08,24.44,14623
7-Oct-11,23.92,24.47,23.78,24.14,10775
6-Oct-11,24.38,24.94,23.42,24.01,10312
5-Oct-11,24.61,24.73,23.24,24.31,8359
4-Oct-11,22.85,25.24,22.85,25.23,23822
3-Oct-11,23.96,23.96,22.83,22.84,26604
30-Sep-11,24.86,24.86,23.64,23.94,25392
29-Sep-11,25.16,25.16,24.40,25.08,8068
28-Sep-11,24.34,25.97,24.34,24.41,22398
27-Sep-11,23.85,24.43,23.85,24.43,24000
26-Sep-11,23.42,23.71,23.24,23.64,14817
23-Sep-11,22.47,23.45,22.47,23.32,7048
22-Sep-11,22.42,23.45,22.38,22.53,17332
21-Sep-11,23.01,23.36,22.91,22.97,15280
20-Sep-11,23.31,23.43,22.89,22.89,24127
19-Sep-11,22.75,23.22,22.54,22.95,8439
16-Sep-11,23.03,23.45,22.93,23.00,28094
15-Sep-11,23.05,23.05,22.46,22.99,11216
14-Sep-11,22.56,23.10,22.28,22.84,16584
13-Sep-11,22.18,22.49,21.95,22.38,12186
12-Sep-11,21.61,22.02,20.88,21.72,14811
9-Sep-11,22.41,22.41,21.60,21.68,14679
8-Sep-11,22.92,23.13,22.25,22.37,10249
7-Sep-11,23.33,23.44,22.87,23.05,22350
6-Sep-11,23.43,23.75,22.63,23.09,14425
2-Sep-11,24.27,24.43,23.50,23.50,16618
1-Sep-11,25.09,25.65,24.38,24.43,13426
31-Aug-11,25.55,25.78,25.03,25.03,7944
30-Aug-11,25.17,25.74,25.17,25.37,3719
29-Aug-11,24.99,25.47,24.99,25.40,12184
26-Aug-11,25.12,25.21,25.09,25.14,13321
25-Aug-11,26.02,26.02,25.02,25.09,7466
24-Aug-11,25.75,25.92,25.59,25.73,8572
23-Aug-11,24.98,25.95,24.98,25.77,9975
22-Aug-11,25.11,25.11,24.69,24.99,6616
19-Aug-11,24.39,24.93,24.39,24.58,7164
18-Aug-11,24.95,26.09,24.30,24.53,14030
17-Aug-11,25.99,25.99,25.28,25.37,17358
16-Aug-11,25.57,25.95,25.33,25.78,22600
15-Aug-11,25.01,25.54,24.90,25.15,39152
12-Aug-11,26.31,26.50,24.80,24.80,7869
11-Aug-11,25.98,26.56,24.98,26.30,12709
10-Aug-11,27.06,27.06,24.65,25.93,13065
9-Aug-11,24.96,27.57,24.36,27.57,16883
8-Aug-11,25.64,26.97,24.35,24.35,20527
5-Aug-11,26.68,26.68,26.06,26.09,4728
4-Aug-11,26.73,27.01,26.42,26.50,15690
3-Aug-11,26.58,27.19,26.56,26.88,7733
2-Aug-11,27.00,27.19,26.56,26.89,25052
1-Aug-11,27.18,27.50,27.00,27.06,23719
29-Jul-11,27.35,27.35,26.88,26.88,7537
28-Jul-11,27.55,27.76,27.11,27.51,4340
27-Jul-11,27.78,27.78,27.17,27.40,11199
26-Jul-11,27.65,27.99,27.42,27.69,5041
25-Jul-11,27.78,28.12,27.61,27.63,14009
22-Jul-11,28.18,28.20,27.82,27.97,8291
21-Jul-11,27.78,28.17,27.74,28.17,4474
20-Jul-11,28.17,28.17,27.25,27.78,2178
19-Jul-11,27.23,28.16,27.21,28.16,4849
18-Jul-11,27.23,27.23,27.15,27.15,4184
15-Jul-11,27.25,27.41,27.15,27.28,11386
14-Jul-11,27.68,28.31,27.02,27.25,17553
13-Jul-11,28.00,28.00,26.09,27.39,33228
12-Jul-11,28.00,28.21,28.00,28.00,4624
11-Jul-11,28.20,28.36,27.93,28.01,11905
8-Jul-11,28.36,28.88,28.24,28.24,12945
7-Jul-11,28.19,28.75,28.19,28.74,10167
6-Jul-11,27.97,28.41,27.72,28.06,32479
5-Jul-11,27.73,28.00,27.51,27.97,12271
1-Jul-11,27.66,27.93,27.60,27.70,13210
30-Jun-11,27.95,27.95,27.36,27.71,21445
29-Jun-11,27.49,28.00,27.46,27.79,26101
28-Jun-11,27.59,27.75,27.30,27.75,8974
27-Jun-11,27.73,27.77,27.16,27.77,14448
24-Jun-11,27.54,28.00,27.15,27.65,155653
23-Jun-11,26.88,27.52,26.88,27.49,9577
22-Jun-11,27.60,27.64,26.89,26.91,6323
21-Jun-11,26.55,27.86,26.51,27.79,12496
20-Jun-11,26.13,26.50,26.05,26.50,9164
17-Jun-11,25.46,26.20,25.46,26.15,18402
16-Jun-11,24.71,25.46,24.53,25.37,8647
15-Jun-11,25.12,26.13,24.52,24.63,70438
14-Jun-11,25.03,25.25,24.82,25.25,18017
13-Jun-11,25.00,25.16,24.89,24.97,23706
10-Jun-11,24.73,25.00,24.73,24.93,10581
